{"sane": true, "normalizes": true, "log_prob": -989.0304565429688, "avg_log_prob": -1.9780609130859375, "perplexity": 7.228712284786668}