{"sane": true, "normalizes": true, "log_prob": -1410.0677490234375, "avg_log_prob": -2.820135498046875, "perplexity": 16.779124056654762}