{"sane": true, "normalizes": true, "log_prob": -1407.8441162109375, "avg_log_prob": -2.815688232421875, "perplexity": 16.704668519511614}