{"sane": true, "normalizes": true, "log_prob": -2077.099365234375, "avg_log_prob": -4.15419873046875, "perplexity": 63.70090250102656}