{"sane": true, "normalizes": true, "log_prob": -1432.3885498046875, "avg_log_prob": -2.864777099609375, "perplexity": 17.545141949698507}