{"sane": true, "normalizes": true, "log_prob": -864.6458740234375, "avg_log_prob": -1.729291748046875, "perplexity": 5.6366603186815825}